Center of the cluster (IPC code),Field of Knowledge,Member of the cluster (IPC code),Name of the IPC code,,,,,,,
A01D,Harvesting,A01B,"Soil working in agriculture or forestry; parts, details, or accessories of agricultural machines or implements ",,,,,,,
,,A01D,Harvesting; Mowing,,,,,,,
,,A01F,"Threshing; Baling of straw, hay or the like;
Stationary apparatus or hand tools for forming or
binding straw, hay or the like into bundles; Cutting
of straw, hay or the like; Storing agricultural or horticultural produce",,,,,,,
,,C13H,"Cutting machines for sugar; Co,bined cutting, sorting and packing machines for sugar",,,,,,,
A01J,Milking,A01J,Manufacture of dairy products,,,,,,,
A01L,Shoeing of Animals,A01L,Shoeing of animals ,,,,,,,
A01M,Animal slaughtering,A01M,"Catching, trapping or scarping of animals",,,,,,,
,,H05C,"Electric circuits or apparatus specially designed for use in equipment for killing, stunning, enclosing or guiding living beings",,,,,,,
A01N,Pesticides,A01N,"Preservation of bodies of humans or animals or plants or parts thereof; Biocides, e.g. as disinfectants, as pesticides, as herbicides; Pest repellants or attractants; Plant growth regulators ",,,,,,,
,,A01P,"Biocidal, pest repellant, pest attraction or plant growth regulatory activity of chemical compounds or preparations",,,,,,,
A22C,Meat Processing,A22B,Slaughtering,,,,,,,
,,A22C,"Processing meat, poultry, or fish",,,,,,,
A23L,"Foods, Foodstuffs, or Non-alcoholic Beverages",A21C,Machines or equipment for making or processing doughs; handling baked articles made from dough,,,,,,,
,,A21D,"Treatment, e.g. preservation, of flour or dough for
baking, e.g. by addition of materials; Baking;
Bakery products; Preservation thereof",,,,,,,
,,A23B,"Preserving, e.g. by canning, meat, fish, eggs, fruit, vegetables, edible seeds; Chemical ripening of
fruit or vegetables; The preserved, ripened, or
canned products",,,,,,,
,,A23C,"Dairy products, e.g. milk, butter, cheese; Milk or
cheese substitutes; Making thereof",,,,,,,
,,A23D,"Edible oils or fats, e.g. margarines, shortenings,
cooking oils",,,,,,,
,,A23F,"Coffee; Tea; Their substitutes; Manufacture,
preparation, or infusion thereof",,,,,,,
,,A23G,"Cocoa; Cocoa products, e.g. chocolate; Substitutes
for cocoa or cocoa products; Confectionery;
Chewing gum; Ice-cream; Preparation thereof ",,,,,,,
,,A23J,"Protein compositions for foodstuffs; Working-up
proteins for foodstuffs; Phosphatide compositions
for foodstuffs",,,,,,,
,,A23L,"Foods, foodstuffs, or non-alcoholic beverages, not
covered by subclasses A21D Or A23B to A23J ;
Their preparation or treatment, e.g. cooking,
modification of nutritive qualities, physical
treatment; Preservation of foods or foodstuffs, in general",,,,,,,
,,A23N,"Machines or apparatus for treating harvested fruit, vegetables, or flower bulbs in bulk, not otherwise
provided for; Peeling vegetables or fruit in bulk; Apparatus for preparing animal feeding-stuffs",,,,,,,
,,A23P,"Shaping or working of foodstuffs, not fully
covered by a single other subclass",,,,,,,
,,B02B,"Preparing grain for milling; Refining granular fruit
to commercial products by working the surface",,,,,,,
,,C12C,Brewing of beer ,,,,,,,
,,C12G,"Wine; Other alcoholic beverages; Preparation
thereof ",,,,,,,
,,C12H,"Pasteurisation, sterilisation, preservation,
purification, clarification or ageing of alcoholic
beverages; Methods for altering the alcohol
content of fermented solutions or alcoholic
beverages",,,,,,,
,,C12J,Vinegar; Its preparation,,,,,,,
A24D,Cigars and Cigarrettes,A24B,"Manufacture or preparation of tobacco for
smoking or chewing; Tobacco; Snuff",,,,,,,
,,A24C,Machines for making cigars or cigarettes,,,,,,,
,,A24D,"Cigars; Cigarettes; Tobacco smoke filters;
Mouthpieces for cigars or cigarettes; Manufacture
of tobacco smoke filters or mouthpieces",,,,,,,
,,A24F,Smokers' requisites; Match boxes,,,,,,,
A41D,Wearing apparel,A41B,"Shirts, underwear, baby linen, handkerchiefs",,,,,,,
,,A41C,"Corsets, brassieres",,,,,,,
,,A41D,Outwear; protective garments; accessories,,,,,,,
,,A41F,Garment Fastenings; Suspenders,,,,,,,
,,A41H,Appliances or methods for making clothers,,,,,,,
A41G,Artificial Flowers; Wigs; Masks; Feather,A41G,Artificial flowers; Wigs; Masks; Feathers,,,,,,,
A42B,Headwear,A42B,Hats; Head coverings,,,,,,,
,,A42C,"Manufacturing or trimming hats or other head
coverings ",,,,,,,
A43B,Footwear,A43B,"Characteristic features of footwear; Parts of
footwear",,,,,,,
,,A43C,"Fastenings or attachments for footwear; Laces in
general",,,,,,,
,,A43D,"Machines, tools, equipment or methods for
manufacturing or repairing footwear",,,,,,,
A44B,,A44B,"Buttons, pins, buckles, slide fasteners, or the like",,,,,,,
A45C,"Purses, Luggage and the like",A45C,Purses; Luggage; Hand carried bags ,,,,,,,
,,A45F,"Travelling or camp equipment; Sacks or packs
carried on the body",,,,,,,
A46B,Entire A46 Brushesware,A46B,Brushes,,,,,,,
,,A46D,Manufacture of brushes,,,,,,,
A47B,Furniture,A47B,"Tables; Desks; Office furniture; Cabinets;
Drawers; General details of furniture ",,,,,,,
,,A47F,"Special furniture, fittings, or accessories for shops, storehouses, bars, restaurants, or the like; Paying counters",,,,,,,
A47C,"Furniture, chairs",A47C,"Chairs, sofas, beds",,,,,,,
,,A47D,Furniture speciallly adapted for children,,,,,,,
,,B60N,Vehicle passenger accomodation not otherwise provided for,,,,,,,
,,B68G,"Methods, equipment, or machines for use in upholstering; upholstery not otherwise provided for",,,,,,,
A47J,Baking,A21B,Bakers' ovens; machines or equipment for baking,,,,,,,
,,A47J,Kitchen equipment; coffee mills; apparatus for making beverages,,,,,,,
,,F24C,"Other domestic stoves or ranges; details of domestic stoves or ranges, of general application",,,,,,,
A47L,Domestic Cleaning,A47L,"Domestic washing or cleaning; Suction cleaners in
general",,,,,,,
,,D06F,"Laundering, drying, ironing, pressing or folding
textile articles",,,,,,,
A61B,Diagnosis and Surgery,A61B,Diagnosis; surgery; identification,,,,,,,
,,A61C,Dentistry; Oral or dental hygiene ,,,,,,,
,,A61F,"Filters implantable into blood vessels; prostheses; devices providing patency to, or preventing collapsing of, tubular structures of the body; orthopaedic, nursing or contraceptive devices; fomentation;…",,,,,,,
,,A61G,"Transport, personal conveyances, or accommodation specially adapted for patients or disabled persons; Operating tables or chairs; Chairs for dentistry; Funeral devices ",,,,,,,
,,A61H,Physical therapy apparatus; artificial respiration; massage; bathing; devices for special therapeutic or hygienic purposes or specific parts of the body,,,,,,,
,,A61M,"Devices for introducing media into, or onto, the body; devices for transducing body media or for taking media from the body; devices for producing or ending sleep or stupor",,,,,,,
,,A61N,Electrotherapy; magnetotherapy; radiation therapy; ultrasound therapy,,,,,,,
,,B21G,"Making needles, pins, or nails",,,,,,,
,,H05G,X-ray technique,,,,,,,
A61K,Medical Preparations,A23K,Fodder,,,,,,,
,,A61D,"Veterinary instruments, implements, tools, or methods ",,,,,,,
,,A61J,Containers specially adapted for medical or pharmaceutical purposes;…,,,,,,,
,,A61K,"Preparation for medical, dental, or toilet purposes",,,,,,,
,,A61L,Methods or apparatus for sterilising materials or objects in general…,,,,,,,
,,A61P,Therapeutic activity of chemical compounds or medical preparations,,,,,,,
,,A61Q,Use of cosmetics or similar toilet preparations,,,,,,,
,,C07D,Heterocyclic compounds,,,,,,,
,,C07F,"Acyclic, carbocyclic, or heterocyclic compounds containing elements other than carbon, hydrogen, etc.",,,,,,,
,,C07G,Compounds of uknown constitution,,,,,,,
,,C07H,Sugars; derivatives thereof; nucleosides; nucleotides; nucleic acids,,,,,,,
,,C07J,Steroids,,,,,,,
,,C08B,Polysaccharides; derivated thereof,,,,,,,
,,C09H,Preparation of glue or gelatine,,,,,,,
,,C11B,"Producing, refinind or preserving fats, fatty substances, fatty oils or waxes, including extraction from waste materials; essential oils; perfumes",,,,,,,
,,C11C,"Fatty acids from fats, oils or waxes; Candles; Fats, oils or fatty acids by chemical modification of fats, oils, or fatty acids obtained therefrom",,,,,,,
A62B,Fire-fighting and Life Saving Apparatus,A62B,"Devices, apparatus or methods for life-saving",,,,,,,
A63B,Apparatus for Physical Training and Sports,A63B,"Apparatus for physical training, gymnastics,
swimming, climbing, or fencing; Ball games;
Training equipment",,,,,,,
,,A63K,"Racing; Riding sports; Equipment or accessories
therefor",,,,,,,
A63C,"Skates, Skis and the like",A63C,"Skates; Skis; Roller skates; Design or layout of
courts, rinks or the like ",,,,,,,
A63D,Bowling Games,A63D,"Bowling games, e.g. skittles, bocce or bowls;
Installations therefor; Bagatelle or similar games; Billiards",,,,,,,
A63G,"Swings, Merry-go-rounds and Other Amusement Devices",A63G,"Merry-go-rounds; Swings; Rocking-horses;
Chutes; Switchbacks; Similar devices for public amusement",,,,,,,
A63H,Toys,A63H,"Toys, e.g. tops, dolls, hoops, building blocks ",,,,,,,
B01D,Separation and disposal of  Liquid and Gaseous Products,A62D,"Chemical means for extinguishing fires; Processes for making harmful chemical substances harmless, or less harmful, by effecting a chemical change; Composition of materials for coverings or clothing for protecting against harmful chemical agents; Composition of materials for transparent parts of gas-masks, respirators, breathing bags or helmets; Composition of chemical materials for use in breathing apparatus ",,,,,,,
,,B01D,Separation ,,,,,,,
,,B01F,"Mixing, e.g. Dissolving, emulsifying…",,,,,,,
,,B03C,Magnetic or electrostatic separation of solid materials…,,,,,,,
,,B04B,Centrifuges,,,,,,,
,,B04C,Apparatus using free vortes flow,,,,,,,
,,B09B,Disposal of solid waste ,,,,,,,
,,B09C,Reclamation of contaminated soil,,,,,,,
,,C02F,"Treatment of water, waste water, sewagem or sludge",,,,,,,
,,C10K,Purifying or modifying the chemical composition of combustible gases containing carbon monoxide,,,,,,,
,,C12F,"Recovery of by-products of fermented solutions; denaturing of, or denatured, alcohol",,,,,,,
,,E03B,"Installation or methods for obtaining, collecting, or distibuting water",,,,,,,
,,E03F,Sewers; Cesspools ,,,,,,,
,,F01N,Gas-flow silencers or exhaust apparatus for machines or engines in general…,,,,,,,
,,F17B,Gas-holders of variable capacity ,,,,,,,
,,F23B,Methods or apparatus for combustion using only solid fuel,,,,,,,
,,F23G,Cremation furnaces; Consuming waste or low grade fuels by combustion,,,,,,,
,,F23J,Removal or treatment of combustion products or combustion residues,,,,,,,
,,F25J,"Liquefaction, solidification, or separation of gases or gaseous mixtures by pressure and cold treatment",,,,,,,
,,F26B,Drying solid materials or objects by removing liquid therefrom,,,,,,,
B02C,Mechanical Processes for Separating Solids,B02C,"Crushing, pulverising, or disintegrating in general; milling grain",,,,,,,
,,B07B,"Separating solids from solids by sieving, screening, or sifting or by using gas currents; other separating by dry methods applicable to bulk material",,,,,,,
B03B,Separation of solid materials using liquids,B03B,Separating solid materials using liquids or using pneumatic tables or jigs ,,,,,,,
,,B03D,Flotation; Differential sedimentation ,,,,,,,
B05C,"Processes and Apparatus for Applying Liquids to Surfaces, Sprying",B05B,Spraying apparatus; Atomising apparatus; Nozzles,,,,,,,
,,B05C,"Apparatus for applying liquids or other fluent
materials to surfaces, in general ",,,,,,,
,,B05D,"Processes for applying liquids or other fluent
materials to surfaces, in general ",,,,,,,
B08B,"Cleaning, De-greasing, Prevention of Fouling ",B08B,Cleaning in general,,,,,,,
,,B24C,Abrasive or related blasting with particulate material,,,,,,,
,,C23G,Cleaning or degreasing of metallic material by chemical methods other than electrolysis,,,,,,,
,,D06G,Mechanical and pressure cleaning of fabrics,,,,,,,
,,F28G,Cleaning of internal or external surfaces of heat-exchange or heat-transfer conduits,,,,,,,
B21D,Mechanical Working and Processing of Metal ,B21C,"Manufacture of metal sheets, wire, rods, tubes,
profiles or like semi-manufactured products
otherwise than by rolling; Auxiliary operations
used in connection with metal-working without
essentially removing material",,,,,,,
,,B21D,"Working or processing of sheet metal or metal
tubes, rods or profiles without essentially
removing material; Punching metal ",,,,,,,
,,B21F,Working or processing of metal wire ,,,,,,,
,,B21H,"Making particular metal objects by rolling, e.g.
screws, wheels, rings, barrels, balls",,,,,,,
,,B23P,"Other working of metal; Combined operations;
Universal machine tools",,,,,,,
,,B30B,"Presses in general; Presses not otherwise provided
for ",,,,,,,
B21J,Forging,B21J,"Forging; Hammering; Pressing metal; Riveting;
Forge furnaces",,,,,,,
,,B21K,"Making forged or pressed metal products, e.g.
horse-shoes, rivets, bolts or wheels ",,,,,,,
B22D,Foundry Molding,B22C,Foundry moulding,,,,,,,
,,B22D,Casting of metals; casting of other substances by the same processes or devices,,,,,,,
,,C21C,"Processing of pig-iron, e.g. refining, manufacture of wrought-iron or steel; Treatment in molten state of ferrous alloys",,,,,,,
B23B,Preservation and associated components,B23B,"Preserving, e.g. by canning, meat, fish, eggs, fruit, vegetables, edible seeds; chemical ripening of fruit or vegetables; the preserved, ripened, or canned products",,,,,,,
,,B23C,Milling,,,,,,,
,,B23G,"Thread cutting; working of screws, bolt heads, or nuts, in conjunction therewith",,,,,,,
,,B23Q,"Details, components, or accessories for machine tools",,,,,,,
,,B25D,Percussive tools,,,,,,,
B24B,"Grinding, Polishing, Working with Stone",B23F,Making Gears or toothed racks,,,,,,,
,,B24B,"Machines, devices, or processes for grinding or
polishing; Dressing or conditioning of abrading
surfaces; Feeding of grinding, polishing, or
lapping agents",,,,,,,
,,B24D,"Tools for grinding, buffing or sharpening",,,,,,,
,,B28D,Working stone or stone-like materials ,,,,,,,
B25B,Other Machine Tools,B25B,"Tools or bench devices not otherwise provided for,
for fastening, connecting, disengaging, or holding",,,,,,,
,,B25F,Combination or multi-purpose tools not otherwise provided for; Details or components of portable power-driven tools not particularly related to the operations performed and not otherwise provided for,,,,,,,
,,B25G,Handles for hand implements ,,,,,,,
,,B25H,"Workshop equipment, e.g. for marking-out work;
Storage means for workshops ",,,,,,,
B26B,Hand Held Cutting Tools,B26B,Hand-held cutting tools not otherwise provided for,,,,,,,
B26D,Cutting Non-metallic Material Tools,B26D,"Cutting; Details common to machines
for perforating, punching, cutting-out, stamping-
out or severing ",,,,,,,
,,B26F,Perforating; Punching; Cutting-out; Stamping-out; Severing by means other than cutting,,,,,,,
B27B,Saws and their Components,B23D,"Planing; Slotting; Shearing; Broaching; Sawing;
Filing; Scraping; Like operations for working
metal by removing material, not otherwise
provided for",,,,,,,
,,B27B,Saws for wood or similar material; Components or accessories therefor ,,,,,,,
,,B27G,"Accessory machines or apparatus for working
wood or similar materials; Tools for working wood
or similar materials; Safety devices for wood
working machines or tools",,,,,,,
,,B27L,"Removing bark or vestiges of branches; Splitting
wood; Manufacture of veneer, wooden sticks,
wood shavings, wood fibres or wood powder",,,,,,,
B27F,Nailing and Stapling,B25C,Hand-held nailing or stapling tools,,,,,,,
,,B27C,"Planing, drilling, milling, turning, or universal machines",,,,,,,
,,B27F,Dovetailed work; slotting machines; nailing or stapling machines,,,,,,,
B27M,Working of Wood or Similar Materials,B27H,Bending; cooperage; wheel-making,,,,,,,
,,B27M,Working of wood not provided for; manufacture of specific wooden articles,,,,,,,
B27K,Wood Treatment,B27K,"Processes, apparatus or selection of substances for impregnating, staining, dyeing or bleaching of wood, or for treating of wood with permeant liquids, not otherwise provided for; Chemical or physical treatment of cork, cane, reed, straw or similar materials ",,,,,,,
B29C,Shaping or Joining of Plastics,B29B,"Preparation or pretreatment of the material to be
shaped; Making granules or preforms; Recovery of plastics or other constituents of waste material
containing plastics",,,,,,,
,,B29C,"Shaping or joining of plastics; Shaping of material
in a plastic state, not otherwise provided for; After- treatment of the shaped products, e.g. repairing",,,,,,,
,,B29D,Producing particular articles from plastics or from substances in a plastic state,,,,,,,
,,B29K,"Indexing scheme associated with subclasses B29B
, B29C Or B29D , relating to moulding materials
or to materials for reinforcements, fillers or
preformed parts, e.g. inserts ",,,,,,,
,,B29L,"Indexing scheme associated with subclass B29C ,
relating to particular articles ",,,,,,,
,,B33Y,"Additive manufacturing, i.e. manufacturing of three-dimensional objects by additive deposition",,,,,,,
,,B44B,"Machines, apparatus or tools for artistic work, e.g.
for sculpturing, guilloching, carving, branding or inlaying",,,,,,,
,,D04C,"Braiding or manufacture of lace, including bobbin-
net or carbonised lace; Braiding machines; Braid;
Lace",,,,,,,
,,D06J,"Pleating, kilting, or goffering textile fabrics or wearing apparel",,,,,,,
,,D07B,Ropes or cables in general,,,,,,,
B32B,"Mechanical processing of textiles, leader, layered products",B27D,Working veneer or plywood,,,,,,,
,,B31F,Mechanical working or deformation of paper or cardboard,,,,,,,
,,B32B,"Layered products, i.e. products built-up of strata of flat or non-flat",,,,,,,
,,B68F,"Making articles from leather, canvas, or the like",,,,,,,
,,D04H,Making textile fabrics,,,,,,,
,,D06N,"Wall, floor, or like covering materials",,,,,,,
,,D06Q,Decorating textiles,,,,,,,
B41C,Creation of Printing Surfaces and Plates,B41C,"Processes for the manufacture or reproduction of
printing surfaces",,,,,,,
,,B41D,Apparatus for the mechanical reproduction of printing surfaces for…,,,,,,,
,,B41N,"Printing plates or foils; Materials for surfaces used
in printing machines for printing, inking, damping,
or the like; Preparing such surfaces for use or
conserving them",,,,,,,
B41F,Printing Machine,B41F,Printing machines or presses ,,,,,,,
,,B41G,"Apparatus for bronze printing, line printing, or for bordering or edging sheets or like articles;
Auxiliary apparatus for perforating in conjunction
with printing",,,,,,,
,,B41L,"Apparatus or devices for manifolding, duplicating,
or printing for office or other commercial
purposes; Addressing machines or like series-
printing machines",,,,,,,
B41J,"Type Writers, Photoelectronic Composing and Selctive Printing Mechanisms",B41J,Typewriters; selective printing mechanisms,,,,,,,
,,B41M,"Printing, duplicating, marking, or copying processes; colour printing",,,,,,,
,,G03G,Electrography; electrophotography; magnetography,,,,,,,
B42F,Files attachement and indexing,B42F,Sheets temporarily attached together; filing appliances; file cards; indexing,,,,,,,
B43K,Implements for writing,B43K,Implements for writing or drawing,,,,,,,
B44F,Decorative Effects,B42D,Books; book covers; loose leaves; printed matter of special fromat or style,,,,,,,
,,B44C,"Producing decorative effects; Mosaics; Tarsia
work; Paperhanging",,,,,,,
,,B44F,Special designs or pictures,,,,,,,
B60B,Vehicle wheels,B60B,Vehilce wheels; castors; axles; increasing wheel adhension,,,,,,,
B60K,Arrangement or Mounting of Propulsion Units or of Transmissions in Vehicles,B60K,"Arrangement or mounting of propulsion units or of transmissions in vehicles; Arrangement or
mounting of plural diverse prime-movers in
vehicles; Auxiliary drives for vehicles;
Instrumentation or dashboards for vehicles;
Arrangements in connection with cooling, air
intake, gas exhaust or fuel supply of propulsion
units in vehicles",,,,,,,
,,B60L,"Propulsion of electrically-propelled vehicles;
Supplying electric power for auxiliary equipment
of electrically-propelled vehicles; Electrodynamic
brake systems for vehicles in general; Magnetic suspension or levitation for vehicles; Monitoring
operating variables of electrically-propelled
vehicles; Electric safety devices for electrically-
propelled vehicles",,,,,,,
,,B60W,"Conjoint control of vehicle sub-units of different
type or different function; Control systems
specially adapted for hybrid vehicles; Road
vehicle drive control systems for purposes not
related to the control of a particular sub-unit",,,,,,,
,,F16H,Gearing .,,,,,,,
,,G05G,"Control devices or systems insofar as characterised
by mechanical features only",,,,,,,
B60S,Vehicle servicing,B60S,"Servicing, cleaning, repairing, supporting, lifting, or manoeuvring of vehicles ",,,,,,,
B60T,Vehicle Brake Control Systems or Parts thereof,B60T,"Vehicle brake control systems or parts thereof;
Brake control systems or parts thereof, in general; Arrangement of braking elements on vehicles in
general; Portable devices for preventing unwanted movement of vehicles; Vehicle modifications to
facilitate cooling of brakes",,,,,,,
,,B61H,"Brakes or other retarding apparatus peculiar to rail vehicles; Arrangements or dispositions of brakes
or other retarding apparatus in rail vehicles",,,,,,,
,,F16D,Couplings for transmitting rotation; Clutches; Brakes,,,,,,,
B60V,Air Cushion Vehicles,B60V,Air-cushion vehicles ,,,,,,,
B61F,Locomotives (incl. parts),B61C,Locomotives; Motor railcars,,,,,,,
,,B61D,Body details or kinds of railway vehicles ,,,,,,,
,,B61F,"Rail vehicle suspensions, e.g. underframes, bogies
or arrangements of wheel axles; Rail vehicles for
use on tracks of different width; Preventing
derailing of rail vehicles; Wheel guards,
obstruction removers or the like for rail vehicles",,,,,,,
,,B61G,"Couplings specially adapted for railway vehicles;
Draught or buffing appliances specially adapted
for railway vehicles",,,,,,,
B61K,"Auxilary Equipmet for Railways (guiding traffic, etc.)",B61K,Other auxiliary equipment for railways,,,,,,,
,,B61L,"Guiding railway traffic; Ensuring the safety of
railway traffic",,,,,,,
,,E01B,"Permanent way; Permanent-way tools; Machines
for making railways of all kinds",,,,,,,
B62C,Vehicles Drawn by Animals,B62C,Vehicles drawn by animals,,,,,,,
B62D,Motor Vehicles and Trailers and parts thereof,B60D,Vehicle connections,,,,,,,
,,B60F,"Vehicles for use both on rail and on road; Vehicles
capable of travelling in or on different media, e.g. amphibious vehicles",,,,,,,
,,B60J,"Windows, windscreens, non-fixed roofs, doors, or similar devices for vehicles",,,,,,,
,,B60P,"Vehicles adapted for load transportation or to
transport, to carry, or to comprise special loads or objects",,,,,,,
,,B60R,"Vehicles, vehicle fittings, or vehicle parts",,,,,,,
,,B62D,Motor vehicles; Trailers,,,,,,,
B62K,"Cycles, and Cycle Parts and Accessories (eg locks)",B62H,"Cycle stands; Supports or holders for parking or
storing cycles; Appliances preventing or indicating unauthorised use or theft of cycles; Locks integral
with cycles; Devices for learning to ride cycles ",,,,,,,
,,B62J,"Cycle saddles or seats; Accessories peculiar to
cycles and not otherwise provided for, e.g. article
carriers or cycle protectors",,,,,,,
,,B62K,"Cycles; Cycle frames; Cycle steering devices; Rider-operated terminal controls specially adapted
for cycles; Cycle axle suspensions; Cycle sidecars, forecars, or the like",,,,,,,
,,B62L,Brakes specially adapted for cycles,,,,,,,
,,B62M,"Rider propulsion of wheeled vehicles or sledges;
Powered propulsion of sledges or cycles;
Transmissions specially adapted for such vehicles",,,,,,,
B63B,Ships and Related Equipment ,B63B,"Ships or other waterborne vessels; Equipment for
shipping",,,,,,,
,,B63C,"Launching, hauling-out, or dry-docking of vessels; Life-saving in water; Equipment for dwelling or
working under water; Means for salvaging or
searching for underwater objects",,,,,,,
,,B63G,"Offensive or defensive arrangements on vessels; Mine-laying; Mine-sweeping; Submarines;
Aircraft carriers",,,,,,,
,,B63H,Marine propulsion or steering,,,,,,,
,,B63J,Auxiliaries on vessels,,,,,,,
B64C,Aeroplanes and Helicopters (incl. their equipment and parts),B64B,Lighter-than-air aircraft.,,,,,,,
,,B64C,Aeroplanes; Helicopters,,,,,,,
,,B64D,"Equipment for fitting in or to aircraft; Flying suits; Parachutes; Arrangements or mounting of power
plants or propulsion transmissions in aircraft",,,,,,,
,,B64F,"Ground or aircraft-carrier-deck installations
specially adapted for use in connection with
aircraft; Designing, manufacturing, assembling,
cleaning, maintaining or repairing aircraft, not
otherwise provided for; Handling, transporting,
testing or inspecting aircraft components, not
otherwise provided for",,,,,,,
B64G,,B64G,Cosmonautics; Vehicles or equipment therefor .,,,,,,,
,,F03H,"Producing a reactive propulsive thrust, not
otherwise provided for",,,,,,,
B65B,Apparatus for Packaging and (un)Packing,B65B,"Machines, apparatus or devices for, or methods of, packaging articles or materials; Unpacking",,,,,,,
,,B65C,"Labelling or tagging machines, apparatus, or
processes",,,,,,,
,,B67C,"Filling with liquids or semiliquids, or emptying, of
bottles, jars, cans, casks, barrels, or similar
containers, not otherwise provided for; Funnels",,,,,,,
B65D,"Packaging, Containers and Accessories and Fittins therefor",A45D,"Hairdressing or shaving equipment; Manicuring or
other cosmetic treatment",,,,,,,
,,A47G,Household or table equipment,,,,,,,
,,B27J,"Mechanical working of cane, cork or similar materials",,,,,,,
,,B31B,"Making containers of paper, cardboard or material
worked in a manner analogous to paper ",,,,,,,
,,B31C,"Making wound articles, e.g. wound tubes, of
paper, cardboard or material worded in a manner analogous to paper",,,,,,,
,,B31D,"Making articles of paper, cardboard or material
worked in a manner analogous to paper, not
provided for in subclasses B31B Or B31C ",,,,,,,
,,B43M,Bureau accessories not otherwise provided for,,,,,,,
,,B44D,"Painting or artistic drawing, not otherwise provided for; Preserving paintings; Surface treatment to obtain special artistic surface effects
or finishes",,,,,,,
,,B65D,"Containers for storage or transport of articles or
materials, e.g. bags, barrels, bottles, boxes, cans,
cartons, crates, drums, jars, tanks, hoppers,
forwarding containers; Accessories, closures, or
fittings therefor; Packaging elements; Packages",,,,,,,
,,B65F,Gathering or removal of domestic or like refuse,,,,,,,
,,B67B,"Applying closure members to bottles, jars, or
similar containers; Opening closed containers",,,,,,,
,,B67D,"Dispensing, delivering, or transferring liquids, not otherwise provided for",,,,,,,
,,C12L,Pitching or depitching machines; Cellar tools,,,,,,,
,,F17C,"Vessels for containing or storing compressed,
liquefied, or solidified gases; Fixed-capacity gas-
holders; Filling vessels with, or discharging from
vessels, compressed, liquefied, or solidified gases",,,,,,,
,,F24V,"Collection, production or use of heat not otherwise provided for",,,,,,,
B65G,Transport or Storage Devices (eg conveyers),B07C,"Postal sorting; Sorting individual articles, or bulk
material fit to be sorted piece-meal, e.g. by picking ",,,,,,,
,,B25J,"Manipulators; Chambers provided with
manipulation devices",,,,,,,
,,B61B,"Railway systems; Equipment therefor not
otherwise provided for ",,,,,,,
,,B61J,Shifting or shunting of rail vehicles,,,,,,,
,,B62B,Hand Propelled Vehicles,,,,,,,
,,B65G,"Transport or storage devices, e.g. conveyors for loading or tipping, shop conveyor
systems or pneumatic tube conveyors",,,,,,,
B65H,"Handling Thing or Filamentary Material, Warping, Bookbinding",B42B,"Permanently attaching together sheets, quires, or signatures, or permanently attaching objects
thereto",,,,,,,
,,B42C,Bookbinding ,,,,,,,
,,B65H,"Handling thin or filamentary material, e.g. sheets,
webs, cables",,,,,,,
,,D01H,Spinning or twisting,,,,,,,
,,D02H,"Warping, beaming, or leasing ",,,,,,,
,,D06H,"Marking, inspecting, seaming, or severing textile
materials ",,,,,,,
B66C,"Cranes, Capstans, Whinches, and other Hoisting, Lifting or Hauling Devices",B66C,"Cranes; Load-engaging elements or devices for
cranes, capstans, winches, or tackles",,,,,,,
,,B66D,"Capstans; Winches; Tackles, e.g. pulley blocks;
Hoists",,,,,,,
,,B66F,"Hoisting, lifting, hauling, or pushing, not
otherwise provided for, e.g. devices which apply a
lifting or pushing force directly to the surface of a load",,,,,,,
B68B,Harness,B68B,"Harness; Devices used in connection therewith;
Whips or the like",,,,,,,
B68C,Saddles and Stirrups,B68C,Saddles; Stirrups,,,,,,,
B81B,Microstructural Technology,B81B,"Microstructural devices or systems, e.g.
micromechanical devices.",,,,,,,
,,B81C,"Processes or apparatus specially adapted for the manufacture or treatment of microstructural
devices or systems",,,,,,,
C01B,Production of inorganic chemical compounds,B01B,"Boiling, Boiling apparatus",,,,,,,
,,C01B,Non-metallic elements; Compounds thereof ,,,,,,,
,,C01C,Ammonia; Cyanogen; Compounds thereof ,,,,,,,
,,C01D,"Compounds of alkali metals, i.e. lithium, sodium, potassium, rubidium, caesium, or francium ",,,,,,,
,,C01F,"Compounds of the metals beryllium, magnesium, aluminium, calcium, strontium, barium, radium, thorium, or of the rare-earth metals ",,,,,,,
,,C01G,"Cracking hydrocarbon oils; Production of liquid hydrocarbon mixtures, e.g. by destructive hydrogenation, oligomerisation, polymerisation; Recovery of hydrocarbon oils from oil-shale, oil-sand, or gases; Refining mixtures mainly consisting of hydrocarbons; Reforming of naphtha; Mineral waxes ",,,,,,,
,,C10J,"Production of producer gas, water-gas, synthesis gas from solid carbonaceous material, or mixtures containing these gases; Carburetting air or other gases",,,,,,,
,,C25B,Electrolytic or electrophoretic processes for the production of compounds or non- metals; Apparatus therefor,,,,,,,
C03C,Manufacture and Shaping of Glass,C03B,"Manufacture or shaping of glass, or of mineral or C07D
Heterocyclic compounds ................................................ 102
slag wool; Supplementary processes in the
manufacture or shaping of glass, or of mineral or
slag wool",,,,,,,
,,C03C,"Chemical composition of glasses, glazes, or
vitreous enamels; Surface treatment of glass;
Surface treatment of fibres or filaments made from
glass, minerals or slags; Joining glass to glass or
other materials",,,,,,,
,,C23D,"Enamelling of, or applying a vitreous layer to,
metals",,,,,,,
C04B,"Lime; Magnesia; Slag; Cements; Compositions
thereof, e.g. mortars, concrete",B28B,"Shaping clay or other ceramic compositions, slag
or mixtures containing cementitious material, e.g.
plaster",,,,,,,
,,B28C,"Preparing clay; Producing mixtures containing
clay or cementitious material, e.g. plaster ",,,,,,,
,,C04B,"Lime; Magnesia; Slag; Cements; Compositions
thereof, e.g. mortars, concrete or like building
materials; Artificial stone; Ceramics; Refractories; Treatment of natural stone",,,,,,,
C05G,Fertilisers,A01C,"Planting, sowing and fertilising (it says is related to A01B in description)",,,,,,,
,,A01G,"Horticulture; cultivation of vegetables, flowers, rice, fruit, vines, hops, or seaweed; forestry; watering",,,,,,,
,,C05B,Phosphatic fertilisers ,,,,,,,
,,C05C,Nitrogenous fertilisers,,,,,,,
,,C05D,"Inorganic fertilisers not covered by subclasses
C05B , C05C ; Fertilisers producing carbon
dioxide",,,,,,,
,,C05F,"Organic fertilisers not covered by subclasses C05B
, C05C , e.g. fertilisers from waste or refuse",,,,,,,
,,C05G,"Mixtures of fertilisers covered individually by
different subclasses of class C05 ; Mixtures of one
or more fertilisers with materials not having a
specific fertilising activity, e.g. pesticides, soil- conditioners, wetting agents; Fertilisers
characterised by their form",,,,,,,
C06B,Explosives,C06B,Explosive or thermic compositions; Manufacture thereof; Use of single substances as explosives,,,,,,,
,,C06C,Detonating or priming devices; Fuses; Chemical lighters; Pyrophoric compositions,,,,,,,
,,C06D,"Means for generating smoke or mist; Gas-attack compositions; Generation of gas for blasting or
propulsion (chemical part)",,,,,,,
C06F,Matches,C06F,Matches; Manufacture of matches,,,,,,,
C07B,Methods for organic chemistry,B01J,"Chemical or physical processes, e.g. catalysis, colloid chemistry; Their relevant apparatus ",,,,,,,
,,C07B,General methods of organix chemistry,,,,,,,
,,C07C,Acyclic or carbocyclic compounds ,,,,,,,
C08L,Compositions of macromolecular compounds ,B27N,"Manufacture by dry processes of articles, with or
without organic binding agents, made from
particles or fibres consisting of wood or other lignocellulosic or like organic material",,,,,,,
,,B60C,"Vehicle tyres; Tyre inflation; Tyre changing;
Connecting valves to inflatable elastic bodies in
general; Devices or arrangements related to tyres",,,,,,,
,,C08C,Treatment or chemical modification of rubbers,,,,,,,
,,C08F,"Macromolecular compounds obtained by reactions
only involving carbon-to-carbon unsaturated
bonds",,,,,,,
,,C08G,"Macromolecular compounds obtained otherwise
than by reactions only involving carbon-to-carbon unsaturated bonds",,,,,,,
,,C08H,Derivatives of natural macromolecular compounds ,,,,,,,
,,C08J,"Working-up; General processes of compounding; After-treatment not covered by subclasses C08B ,
C08C , C08F , C08G or C08H",,,,,,,
,,C08K,Use of inorganic or non-macromolecular organic substances as compounding ingredients ,,,,,,,
,,C08L,Compositions of macromolecular compounds,,,,,,,
,,C09C,"Treatment of inorganic materials, other than
fibrous fillers, to enhance their pigmenting or
filling properties; Preparation of carbon black",,,,,,,
,,C09D,"Coating compositions, e.g. paints, varnishes or
lacquers; Filling pastes; Chemical paint or ink
removers; Inks; Correcting fluids; Woodstains;
Pastes or solids for colouring or printing; Use of
materials therefor",,,,,,,
,,C09F,Natural resins; French polish; Drying-oils; Driers (siccatives); Turpentine,,,,,,,
,,C09J,"Adhesives; Non-mechanical aspects of adhesive
processes in general; Adhesive processes not
provided for elsewhere; Use of materials as
adhesives",,,,,,,
,,C09K,"Materials for applications not otherwise provided
for; Applications of materials not otherwise
provided for ",,,,,,,
,,D21J,Fibreboard; Manufacture of articles from cellulosic fibrous suspensions or from papier-mâché,,,,,,,
,,H01B,"Cables; Conductors; Insulators; Selection of
materials for their conductive, insulating or
dielectric properties",,,,,,,
C09B,Dyeing of Printing Textiles,C09B,Organic dyes or closely-related compounds for producing dyes; mordants; lakes,,,,,,,
,,D06P,"Dyeing or printing textiles; dyeing leather, furs, or solid macromolecular substances in any form",,,,,,,
C10F,Drying,C10F,Drying or working-up of peat,,,,,,,
C10G,"Petroleum, gas or coke industries",C10B,"Destructive distillation of carbonaceous materials for production of gas, coke, tar, or similar materials",,,,,,,
,,C10C,"Working-up tar, pitch, asphalt, bitumen; pyroligneous acid",,,,,,,
,,C10G,"Cracking hydrocarbon oils; Production of liquid hydrocarbon mixtures, e.g. by destructive hydrogenation, oligomerisation, polymerisation; Recovery of hydrocarbon oils from oil-shale, oil-sand, or gases; Refining mixtures mainly consisting of hydrocarbons; reforming of naphtha; mineral waxes",,,,,,,
,,C10L,Fuels not otherwise provided for,,,,,,,
C10H,Production of Acetylene by Wet Methods,C10H,Production of acetylene by wet methods,,,,,,,
C10M,Lubricating Compositions,C10M,"Lubricating compositions; Use of chemical
substances either alone or as lubricating
ingredients in a lubricating composition",,,,,,,
,,C10N,Indexing scheme associated with subclass C10M,,,,,,,
C11D,Detergent and bleaching,C11D,Detergent compositions; Use of single substances as detergents; Soap or soap-making; Resin soaps; Recovery of glycerol,,,,,,,
,,D06L,"Bleaching, e.g. optical bleaching, dry-cleaning, or washing fibres, threads, yarns, fabrics, feathers, or made-up fibrous goods; Bleaching leather or furs",,,,,,,
C12N,"Development Micro-organisms or Enzymes for Applications (eg fermentation, peptides) and Related Measuring and Testing ",A01H,New plants or processes for obtaining them; Plant reproduction by tissue culture techniques,,,,,,,
,,A01K,"Animal husbandry; Care of birds, fishes, insects; Fishing; Rearing or breeding animals, not otherwise provided for; New breeds of animals ",,,,,,,
,,C07K,Peptides .,,,,,,,
,,C12N,"Microorganisms or enzymes; Compositions
thereof; Propagating, preserving, or maintaining microorganisms; Mutation or genetic engineering;
Culture media",,,,,,,
,,C12P,"Fermentation or enzyme-using processes to
synthesise a desired chemical compound or
composition or to separate optical isomers from a
racemic mixture",,,,,,,
,,C12Q,"Measuring or testing processes involving enzymes,
nucleic acids or microorganisms; Compositions or
test papers therefor; Processes of preparing such compositions; Condition-responsive control in microbiological or enzymological processes ",,,,,,,
,,C12R,"Indexing scheme associated with subclasses C12C
to C12Q , relating to microorganisms",,,,,,,
,,C12S,"Processes using enzymes or micro-organisms to liberate, separate or purify a pre-existing compound or composition; processes using enzymes or micro-organism to trear textiles or to clean solid surfaces of materials",,,,,,,
C13B,Production of Sucrose and other Saccharides,C13B,"Production of sucrose; Apparatus specially
adapted therefor",,,,,,,
,,C13C,Cutting Mills; Shredding knives; pupl presses,,,,,,,
,,C13D,Production or purification of sugar juices,,,,,,,
,,C13F,"Preparation or processing of raw sugar, sugar, or syrup",,,,,,,
,,C13G,Evaporation apparatus; Boiling pans ,,,,,,,
,,C13J,Extraction of sugar from molasses,,,,,,,
,,C13K,"Saccharides, other than sucrose, obtained from
natural sources or by hydrolysis of naturally
occurring di-, oligo- or polysaccharides",,,,,,,
C14C,Chemical treatment of skins,C14B,"Mechanical tratment and processing of skins, hides and leather",,,,,,,
,,C14C,"Chemical treatment of skins, hides or leather, e.g. tanning, impregnating, finishing; Apparatus therefor; Compositions for tanning",,,,,,,
C22B,Production and Refining of Metals (incl. pretreatment of raw materials),C21B,Manufacture of iron or steel ,,,,,,,
,,C22B,Production or refining of metals; pretreatment of raw materials,,,,,,,
,,C25C,"Processes for the electrolytic production, recovery of refining of metals; apparatus thereof",,,,,,,
C22C,Alloys,B21B,Rolling of metal ,,,,,,,
,,B22F,"Working metallic powder; Manufacture of articles
from metallic powder; Making metallic powder; Apparatus or devices specially adapted for
metallic powder",,,,,,,
,,C21D,"Modifying the physical structure of ferrous metals; General devices for heat treatment of ferrous or non-ferrous metals or alloys; Making metal
malleable by decarburisation, tempering, or other treatments ",,,,,,,
,,C22C,Alloys ,,,,,,,
,,C22F,"Changing the physical structure of non-ferrous
metals or non-ferrous alloys",,,,,,,
C25F,Electrolytic Removal of Materials from Objects; Apparatus therefor ,B23H,"Working of metal by the action of a high
concentration of electric current on a workpiece
using an electrode which takes the place of a tool;
Such working combined with other forms of
working of metal",,,,,,,
,,C25D,"Processes for the electrolytic or electrophoretic
production of coatings; Electroforming; Joining workpieces by electrolysis; Apparatus therefor",,,,,,,
,,C25F,"Processes for the electrolytic removal of materials
from objects; Apparatus therefor ",,,,,,,
D01B,Manufacture of Filaments for Spinning from Natural Materials,D01B,"Mechanical treatment of natural fibrous or
filamentary material to obtain fibres or filaments,
e.g. for spinning",,,,,,,
,,D01C,"Chemical or biological treatment of natural
filamentary or fibrous material to obtain filaments
or fibres for spinning; Carbonising rags to recover
animal fibres",,,,,,,
,,D01G,"Preliminary treatment of fibres, e.g. for spinning",,,,,,,
D01F,Manufacture of Artificial Filaments,D01D,"Mechanical methods or apparatus in the
manufacture of man-made filaments, threads,
fibres, bristles or ribbons",,,,,,,
,,D01F,"Chemical features in the manufacture of man-
made filaments, threads, fibres, bristles or ribbons; Apparatus specially adapted for the manufacture
of carbon filaments",,,,,,,
,,D02G,"Crimping or curling fibres, filaments, yarns, or
threads; Yarns or threads",,,,,,,
,,D02J,"Finishing or dressing of filaments, yarns, threads,
cords, ropes, or the like",,,,,,,
,,D06M,"Treatment of fibres, threads, yarns, fabrics….",,,,,,,
D03D,Woven Fabrics and Weaving,D03C,"Shedding mechanisms; Pattern cards or chains;
Punching of cards; Designing patterns ",,,,,,,
,,D03D,Woven fabrics; Methods of weaving; Looms,,,,,,,
,,D03J,"Auxiliary weaving apparatus; Weavers' tools;
Shuttles",,,,,,,
,,D04B,Knitting,,,,,,,
D04D,"Trimmings, Ribbons",D04D,"Trimmings; Ribbons, tapes, or bands, not
otherwise provided for",,,,,,,
D04G,Knotting of Filamentary Material,D04G,"Making nets by knotting of filamentary material;
Making knotted carpets or tapestries; Knotting not otherwise provided for",,,,,,,
D05B,Sewing,D05B,Sewing,,,,,,,
,,D05C,Embroidering; Tufting,,,,,,,
D06B,Trating and Finishing of Fabrics,D06B,"Treating textile materials by liquids, gases, or vapours",,,,,,,
,,D06C,"Finishing, dressing, tentering, or stretching textile fabrics",,,,,,,
D21B,Fibrous Raw Materials and their Mechanical Treating,D21B,Fibrous raw materials or their mechanical treatment,,,,,,,
,,D21C,"Production of cellulose by removing non-cellulose substances from cellulose- containing materials; Regeneration of pulping liquors; Apparatus
therefor ",,,,,,,
,,D21D,Treatment of the materials before passing to the paper-making machine,,,,,,,
D21F,Paper Making Machines and Methods of Producing Paper,D21F,"Paper-making machines; Methods of producing
paper thereon",,,,,,,
,,D21G,"Calenders; Accessories for paper-making
machines",,,,,,,
,,D21H,"Pulp compositions; Preparation thereof not
covered by subclasses D21C , D21D ;
Impregnating or coating of paper; Treatment of
finished paper not covered by class B31 Or
subclass D21G ; Paper not otherwise provided for",,,,,,,
E02B,Hydraulic Engineering  and  Shiplifting,E02B,Hydraulic engineering,,,,,,,
,,E02C,Ship-lifting devices or mechanisms,,,,,,,
,,E02D,"Foundations; Excavations; Embankments;
Underground or underwater structures",,,,,,,
E03D,Water-closets and Flushing Valves,A47K,"Sanitary equipment not otherwise provided for;
Toilet accessories",,,,,,,
,,E03C,"Domestic plumbing installations for fresh water or
waste water; Sinks",,,,,,,
,,E03D,"Water-closets or urinals with flushing devices;
Flushing valves therefor.",,,,,,,
E04B,Building Consrtuctions,E01D,Bridges,,,,,,,
,,E04B,"General building constructions; Walls, e.g.
partitions; Roofs; Floors; Ceilings; Insulation or
other protection of buildings",,,,,,,
,,E04C,Structural elements; Building materials,,,,,,,
,,E04D,"Roof coverings; Sky-lights; Gutters; Roof-working
tools",,,,,,,
,,E04F,"Finishing work on buildings, e.g. stairs, floors",,,,,,,
,,E04G,"Scaffolding; Forms; Shuttering; Building
implements or other building aids, or their use;
Handling building materials on the site; Repairing, breaking-up or other work on existing buildings",,,,,,,
,,E04H,"Buildings or like structures for particular purposes; Swimming or splash baths or pools; Masts;
Fencing; Tents or canopies, in general ",,,,,,,
E05B,"Locks, Volts, Safes",E05B,Locks; Accessories therefor; Handcuffs,,,,,,,
,,E05C,"Bolts or fastening devices for wings, specially for
doors or windows",,,,,,,
,,E05G,"Safes or strong-rooms for valuables; Bank
protection devices; Safety transaction partitions",,,,,,,
E06B,Hinges and other Supspension Devices for Doors and the like,A47H,Furnishings for Windows or Doors,,,,,,,
,,E05D,"Hinges or other suspension devices for doors,
windows, or wings",,,,,,,
,,E05F,"Devices for moving wings into open or closed
position; Checks for wings; Wing fittings not
otherwise provided for, concerned with the
functioning of the wing",,,,,,,
,,E06B,"Fixed or movable closures for openings in
buildings, vehicles, fences, or like enclosures, in
general, e.g. doors, windows, blinds, gates",,,,,,,
E21F,"Mining, Tunneling and Safety Devices Applied to them",E21C,Mining or quarrying,,,,,,,
,,E21D,"Shafts; Tunnels; Galleries; Large underground
chambers ",,,,,,,
,,E21F,"Safety devices, transport, filling-up, rescue,
ventilation, or drainage in or of mines or tunnels ",,,,,,,
F02B,General Machines and Internal Combustion Engines,F01B,"Machines or engines, in general or of positive-displacement type",,,,,,,
,,F01L,Cyclically operating valves for machines or engines,,,,,,,
,,F01M,Lubricating of machines or engines in general,,,,,,,
,,F01P,Cooling of machines or engines in general,,,,,,,
,,F02B,Internal-combustion piston engines; combustion engines in general,,,,,,,
,,F02F,"Cylinders, pistons, or casings for combustion engines",,,,,,,
,,F02G,Hot-gas or combustion-product positive-displacement engine plants,,,,,,,
F02C,Turbine Engines,F01D,"Non-positive-displacement machines or engines,
e.g. steam turbines",,,,,,,
,,F01K,"Steam engine plants; Steam accumulators; Engine
plants not otherwise provided for; Engines using
special working fluids or cycles",,,,,,,
,,F02C,"Gas-turbine plants; Air intakes for jet-propulsion
plants; Controlling fuel supply in air-breathing jet- propulsion plants",,,,,,,
,,F02K,Jet-propulsion plants,,,,,,,
,,F23R,"Generating combustion products of high pressure
or high velocity, e.g. gas-turbine combustion chambers",,,,,,,
F02D,Ignition and Control of Combustion engines,F02D,Contolling combustion engines,,,,,,,
,,F02M,Sypplying combustion engines in general with combustible mixtures or constituents thereof,,,,,,,
,,F02N,Starting of combustion engines,,,,,,,
,,F02P,"Ignistion, other than compression ignition, for internal-combustion engines",,,,,,,
F03D,Wind or Liquid Machines,F03B,Machines or engines for liquids ,,,,,,,
,,F03D,Wind motors,,,,,,,
F03G,"Spring, Weight, Inertia or like Motors",F03G,"Spring, weight, inertia, or like motors; Mechanical-power-producing devices or
mechanisms, not otherwise provided for or using
energy sources not otherwise provided for",,,,,,,
F04C,Positive-displacement machines,F01C,Rotary-piston or oscillating-piston machines or engines ,,,,,,,
,,F03C,Positive-displacement engines driven by liquids,,,,,,,
,,F04B,Positive-displacement machines for liquids; Pumps,,,,,,,
,,F04C,"Rotary-piston, or oscillating-piston, positive-displacement machines for liquids; Rotary-piston, or oscillating-piston, positive-displacement pumps",,,,,,,
F04F,Pumping of fluid ,F04F,Pumping of fluid by direct contact of another fluid or by using inertia of fluid to be pumped,,,,,,,
F15B,Fluid-pressure systems,E02F,Dredging; Soil-shifting,,,,,,,
,,F15B,"Systems acting by means of fluids in general; Fluid-pressure actuators, e.g. servomotors; Details of fluid-pressure systems, not otherwise provided for",,,,,,,
F15D,Fluid dynamics methods,F15D,"Fluid dynamics, i.e. methods or means for influencing the flow of gases or liquids",,,,,,,
F16B,Constructional elements,F16B,Devices for fastening or securing constructional elements …,,,,,,,
,,F16S,"Constructional elements in general; Structures built-up from such elements, in general",,,,,,,
F15C,Fluid-circuit elements,F15C,Fluid-circuit elements predominantly used for computing or control purposes,,,,,,,
,,G06D,Digital fluid=pressure computing devices,,,,,,,
F16C,"Machine Elements: hafts, pistons, lubricants not elsewhere specified",F16C,"Shafts; Flexible shafts; Mechanical means for
transmitting movement in a flexible sheathing;
Elements of crankshaft mechanisms; Pivots;
Pivotal connections; Rotary engineering elements
other than gearing, coupling, clutch or brake
elements; Bearings",,,,,,,
,,F16J,"Pistons; Cylinders; Pressure vessels in general;
Sealings",,,,,,,
,,F16N,Lubricating,,,,,,,
F16F,Suspension,B60G,Vehicle suspension arrangements ,,,,,,,
,,F16F,"Springs; Shock-absorbers; Means for damping
vibration",,,,,,,
F16G,"Cables, Chains and the like",B21L,Making metal chains,,,,,,,
,,F16G,"Belts, cables, or ropes, predominantly used for
driving purposes; Chains; Fittings predominantly
used therefor",,,,,,,
F16P,Safety devices,F16P,Safety devices in general ,,,,,,,
F16K,Valves and alike,F16K,Valves; Taps; Cocks; Actuating-floats; Devices for venting or aerating,,,,,,,
,,F16T,Steam traps or like..,,,,,,,
F21H,Incandescent Lightning,F21H,"Incandescent mantles; Other incandescent bodies
heated by combustion",,,,,,,
F21V,Non-incandescent Lighting and Associated Structure,B60Q,Arrangement of signaling or lighting devices….,,,,,,,
,,F21K,"Non-electric light sources using luminescence;
Light sources using electrochemiluminescence;
Light sources using charges of combustible
material; Light sources using semiconductor
devices as light-generating elements; Light
sources not otherwise provided for ",,,,,,,
,,F21L,"Lighting devices or systems thereof, being
portable or specially adapted for transportation",,,,,,,
,,F21S,"Non-portable lighting devices; Systems thereof;
Vehicle lighting devices specially adapted for
vehicle exteriors ",,,,,,,
,,F21V,"Functional features or details of lighting devices or systems thereof; Structural combinations of
lighting devices with other articles, not otherwise
provided for",,,,,,,
,,F21W,"Indexing scheme associated with subclasses F21K
, F21L , F21S and F21V , relating to uses or
applications of lighting devices or systems",,,,,,,
,,F21Y,"Indexing scheme associated with subclasses F21K
, F21L , F21S and F21V , relating to the form or
the kind of the light sources or of the colour of the
light emitted",,,,,,,
F22B,Steam Boilers and Steam Generation,F22B,Methods of steam generation; Steam boilers,,,,,,,
,,F22D,"Preheating, or accumulating preheated, feed-water
for steam generation; Feed-water supply for steam generation; Controlling water level for steam
generation; Auxiliary devices for promoting water circulation within steam boilers",,,,,,,
,,F22G,Superheating of steam,,,,,,,
F23D,"Methods and Apparatus (eg, burner) using Fuel Suppended in the Air",F23C,"Methods or apparatus for combustion using fluid
fuel or solid fuel suspended in air",,,,,,,
,,F23D,Burners,,,,,,,
,,F23K,Feeding fuel to combustion apparatus,,,,,,,
,,F23L,"Supplying air or non-combustible liquids or gases
to combustion apparatus in general; Valves or
dampers specially adapted for controlling air
supply or draught in combustion apparatus;
Inducing draught in combustion apparatus; Tops
for chimneys or ventilating shafts; Terminals for
flues ",,,,,,,
,,F23M,"Casings, linings, walls or doors specially adapted
for combustion chambers, e.g. firebridges; Devices
for deflecting air, flames or combustion products
in combustion chambers; Safety arrangements
specially adapted for combustion apparatus;
Details of combustion chambers, not otherwise
provided for ",,,,,,,
,,F23N,Regulating or controlling combustion ,,,,,,,
,,F23Q,Ignition and extinguishing devices,,,,,,,
F23H,Grates,F23H,Grates; Cleaningor raking grates,,,,,,,
F24B,Domestic Stoves or Ranges,F24B,"Domestic stoves or ranges for solid fuels;
Implements for use in connection with stoves or ranges",,,,,,,
F24H,"Domestic or Space Heating Systems (eg central heating systems) and Associated Apparatus (eg, fluid heater)",F24D,"Domestic- or space-heating systems, e.g. central
heating systems; Domestic hot-water supply
systems; Elements or components therefor ",,,,,,,
,,F24H,"Fluid heaters, e.g. water or air heaters, having heat-generating means, in general",,,,,,,
F24T,Geothermal systems and related articles,B23K,"Soldering or unsoldering; Welding; Cladding or plating by soldering or welding; Cutting by applying heat locally, e.g. flame cutting; Working by laser beam ",,,,,,,
,,E01C,"Construction of, or surfaces for, roads, sports grounds, or the like; machines or auxiliary tools for construction or repair",,,,,,,
,,E21B,"Earth or rock drilling; Obtaining oil, gas, water, soluble or meltable materials or a slurry of minerals from wells",,,,,,,
,,F16L,"Pipes; Joints or fittings for pipes; Supports for pipes, cables or protective tubing; Means for thermal insulation in general",,,,,,,
,,F24F,Air-conditioning; Air-humidification; Ventilation; Use of air currents for screening,,,,,,,
,,F24J,Production or use of heat not otherwise provided for,,,,,,,
,,F24T,Geothermal collectors; geothermal systems,,,,,,,
,,G05D,Systems for controlling or regulating non-electric variables,,,,,,,
,,H01F,Magnets; Inductances; Transformers; Selection of materials for their magnetic properties,,,,,,,
F25B,Refrigeration Machines and Systems (incl. heating and cooling systems),B60H,"Arrangements or adaptations of heating, cooling, ventilating, or other air-treating devices specially
for passenger or goods spaces of vehicles",,,,,,,
,,F25B,"Refrigeration machines, plants, or systems;
Combined heating and refrigeration systems; Heat
pump systems ",,,,,,,
,,F25C,"Producing, working or handling ice",,,,,,,
,,F25D,"Refrigerators; Cold rooms; Ice-boxes; Cooling or
freezing apparatus not covered by any other subclass",,,,,,,
F27B, Furnaces; kilns; ovens; retort,F27B,"Furnaces, kilns, ovens, or retorts in general; Open sintering or like apparatus",,,,,,,
,,F27D,"Details or accessories of furnaces, kilns, ovens, or
retorts, in so far as they are of kinds occurring in
more than one kind of furnace",,,,,,,
F28F,Heat Exchange Apparatus,F28B,Steam or vapour condensers,,,,,,,
,,F28C,"Heat-exchange apparatus, not provided for in
another subclass, in which the heat-exchange
media come into direct contact without chemical interaction",,,,,,,
,,F28D,"Heat-exchange apparatus, not provided for in
another subclass, in which the heat-exchange
media do not come into direct contact; Heat
storage plants or apparatus in general ",,,,,,,
,,F28F,"Details of heat-exchange or heat-transfer
apparatus, of general application",,,,,,,
F41A,Smallarms and Associated Parts; Weapon Sights and Launchers,F41A,"Functional features or details common to both
smallarms and ordnance, e.g. cannons; Mountings
for smallarms or ordnance",,,,,,,
,,F41C,"Smallarms, e.g. pistols or rifles; Accessories
therefor ",,,,,,,
,,F41F,"Apparatus for launching projectiles or missiles
from barrels, e.g. cannons; Launchers for rockets
or torpedoes; Harpoon guns ",,,,,,,
,,F41G,Weapon sights; Aiming,,,,,,,
F41B,Weapons for Projecting Missiles,F41B,"Weapons for projecting missiles without use of
explosive or combustible propellant charge;
Weapons not otherwise provided for",,,,,,,
F41H,Armour,F41H,"Armour; Armoured turrets; Armoured or armed vehicles; Means of attack or defence, e.g. camouflage, in general",,,,,,,
F41J,"Target Ranges, Bullet Catchers",F41J,Targets; Target ranges; Bullet catchers,,,,,,,
F42B,"Explosive Charges, Amunition and Blasting",F42B,"Explosive charges, e.g. for blasting; Fireworks; Ammunition",,,,,,,
,,F42C,"Ammunition fuzes; Arming or safety means
therefor ",,,,,,,
,,F42D,Blasting,,,,,,,
G01C,Distance Measurement Instruments,G01C,"Measuring distances, levels or bearings;
Surveying; Navigation; Gyroscopic instruments; Photogrammetry or videogrammetry",,,,,,,
,,G01S,"Radio direction-finding; Radio navigation;
Determining distance or velocity by use of radio
waves; Locating or presence-detecting by use of
the reflection or reradiation of radio waves;
Analogous arrangements using other waves",,,,,,,
,,G08G,Traffic control systems ,,,,,,,
G01D,"Measuring Instruments and Methods (length, thickness, angles, force, torque, elctrical variables, etc)",G01B,"Measuring length, thickness, or similar linear dimensions; measuring angles; measuring areas; measuring irregularities of surfaces or contours",,,,,,,
,,G01D,Measuring not specially adapted for a specific variable; arrangements for measuring two or more variables not covered by a single other,,,,,,,
,,G01L,"Measuring force, stress, torque, work, mechanical power, mechanical efficiency, or fluid pressure",,,,,,,
,,G01P,"Measuring linear or angular speed, acceleration, deceleration, or shock; indicating presence, absence, or direction, of movement",,,,,,,
G01N,Investigating or Analysing Materials by Determining their Chemical or Physical Properties,A62C,Fire-fighting,,,,,,,
,,B01L,"Chemical or physical laboratory apparatus for
general use",,,,,,,
,,C12M,Apparatus for enzymology or microbiology ,,,,,,,
,,C40B,"Combinatorial chemistry; Libraries, e.g. chemical
libraries,IN SILICOLibraries",,,,,,,
,,E01H,Street cleaning,,,,,,,
,,F17D,Pipe-line systems; Pipe-lines,,,,,,,
,,G01F,"Measuring volume, volume flow, mass flow, or
liquid level; Metering by volume",,,,,,,
,,G01G,Weighing,,,,,,,
,,G01H,"Measurement of mechanical vibrations or
ultrasonic, sonic or infrasonic waves",,,,,,,
,,G01J,"Measurement of intensity, velocity, spectral
content, polarisation, phase or pulse characteristics
of infra-red, visible or ultra-violet light;
Colorimetry; Radiation pyrometry",,,,,,,
,,G01K,"Measuring temperature; Measuring quantity of
heat; Thermally-sensitive elements not otherwise
provided for ",,,,,,,
,,G01M,"Testing static or dynamic balance of machines or structures; Testing of structures or apparatus, not otherwise provided for",,,,,,,
,,G01N,"Investigating or analysing materials by
determining their chemical or physical properties",,,,,,,
,,G01Q,"Scanning-probe techniques or apparatus;
Applications of scanning-probe techniques, e.g. scanning-probe microscopy ",,,,,,,
,,G01T,Measurement of nuclear or x-radiation,,,,,,,
,,G01V,"Geophysics; Gravitational measurements;
Detecting masses or objects; Tags",,,,,,,
,,G01W,Meteorology,,,,,,,
,,G21B,Fusion reactors,,,,,,,
,,G21H,"Obtaining energy from radioactive sources; Applications of radiation from radioactive sources, not otherwise provided for; Utilising cosmic
radiation",,,,,,,
G02B,"Optical Elements, Systems, or Apparatus ",G02B,"Optical Elements, systems, or apparatus",,,,,,,
,,G02C,Spectacles; sunglasses or goggles insofar as they have the same features as spectacles,,,,,,,
,,G02F,"Devices or arrangements, the optical operation of which is modified by changing the optical properties of the medium of the devices or arrangements for the control of the intensity, colour, phase, polarisation or direction of light",,,,,,,
,,G03H,Holographic processes or apparatus,,,,,,,
,,H01S,Devices using stimulated emission,,,,,,,
G03C,Photosensitive Materials for Photographic Purposes and Associated Apparatus,G03C,"Photosensitive materials for photographic
purposes; Photographic processes, e.g. cine, x-ray,
colour or stereo-photographic processes; Auxiliary processes in photography ",,,,,,,
,,G03D,"Apparatus for processing exposed photographic
materials; Accessories therefor",,,,,,,
G04B,"Mechanical Clocks, Parts and Apparatus for Making or Maintaining them",A44C,Jewellery,,,,,,,
,,G04B,"Mechanically-driven clocks or watches; mechanical parts of clocks or watches in general; time-pieces using the position of the sun, moon, or stars",,,,,,,
,,G04D,Apparatus or tools specially designed for making or maintaining clocks or watches,,,,,,,
G04G,"Electronic Time Pieces, Clocks",G04C,Electromechanical clocks or watches,,,,,,,
,,G04F,Time-interval measuring,,,,,,,
,,G04G,Electronic time-pieces ,,,,,,,
,,G04R,Radio-controlled time-pieces,,,,,,,
G06F,"Computing, Calculating, Counting",A45B,Walking sticks; Umbrellas,,,,,,,
,,A63F,"Card, board, or roulette games; indoor games using small moving playing bodies; games not otherwise provided for",,,,,,,
,,A63J,Devices for theaters and circuses,,,,,,,
,,B41B,"Machines or accessories for making, setting, or distributing type; type; photographic or photoelectronic composing devices",,,,,,,
,,B41K,Stamps; stamping or numbering apparatus or devices,,,,,,,
,,B43L,Articles for writing or drawing upon; accessories for writing or drawing,,,,,,,
,,B66B,Elevators and escalators,,,,,,,
,,E01F,"Construction of platforms, fences and helicopter landing stages",,,,,,,
,,E06C,"Construction of platforms, fences and helicopter landing stages",,,,,,,
,,F16M,"Frames, casing, or beds, of engines or other machines or apparatus, not specific to an engine, machine, or apparatus provided for elsewhere; stands or supports",,,,,,,
,,G05B,Control or regulating systems in general; functional elements of such systems; monitoring or testing arrangements for such systems or elements,,,,,,,
,,G06C,Digital computers in which all the computation is effected mechanically,,,,,,,
,,G06E,Optical computing devices,,,,,,,
,,G06F,Electric digital data processing,,,,,,,
,,G06G,Analogue computers,,,,,,,
,,G06J,Hybrid computing arrangements,,,,,,,
,,G06K,Recognition of data; presentation of data; record carriers; handling record garriers,,,,,,,
,,G06M,Counting mechanisms; Counting of objects not otherwise provided for,,,,,,,
,,G06N,Computer systems based on specified computational models,,,,,,,
,,G06Q,"Data processing systems or methods, specially adapted for administrative, commercial, financial, managerial, supervisory or forecasting purposes; systems or methods specially adapted for these purposes",,,,,,,
,,G07B,Ticket-issuing apparatus; fare-registrationg apparatus; franking apparatus,,,,,,,
,,G07C,"Time or attendance registers; registering or indicating the working of machines; generating random numbers; voting or lottery apparatus; arrangements, systems, or apparatus for checking not provided for elsewhere",,,,,,,
,,G07G,"Registering the receipt of cash, valuables, or tokens",,,,,,,
,,G08B,Signalling or calling systems; order telegraphs; alarm systems,,,,,,,
,,G08C,"Transmission systems for measured values, control or similar signals",,,,,,,
,,G09B,"Educational or demonstration appliances; appliances for teaching or communicating with, the blind, deaf or mute; models; planetaria globes; maps; diagrams",,,,,,,
,,G09D,Railway or like time or fare table,,,,,,,
,,G09G,Arrangements or circuit for control of indicating devices using static means to present variable information,,,,,,,
,,G10L,Speech analysis or synthesis; speech recognition,,,,,,,
,,G11C,Static stores,,,,,,,
,,G16H,Healthcare Informatics,,,,,,,
,,H03M,"Coding, decoding or code conversion, in general",,,,,,,
G07F,"Coin Freed, Ticket Issuing, Taximeters or like Apparatus",G07D,"Sorting, testing, changing, delivering, or otherwise namdling coins; testing or changing paper currenct; tasting securities, bonds, or similar valuable papers",,,,,,,
,,G07F,Coin-freed or like apparatus,,,,,,,
G10H,"Electrophonic Musical Instruments (sound generated by electromechanical means, eg, keyboards)",G10B,Organs; harmoniums,,,,,,,
,,G10C,Pianos,,,,,,,
,,G10D,"Musical instruments with mechanically produced sound (string, wing, percussion, etc)",,,,,,,
,,G10F,Photomecanical production of textured or patterned surfaces,,,,,,,
,,G10G,Aids for music,,,,,,,
,,G10H,Electrophonic musical instruments,,,,,,,
G21C,"Nuclear Reactors, Nuclear Power Plants and Protection Devices from Radiation.",G21C,Nuclear reactors,,,,,,,
,,G21D,Nuclear power plant,,,,,,,
,,G21F,"Protection against x-radiation, gamma radiation, corpuscular radiation or particle bombardment;
Treating radioactively contaminated material; Decontamination arrangements therefor ",,,,,,,
G21G,Conversion of chemical elements,G21G,Conversion of chemical elements; Radioactive sources,,,,,,,
G21J,Nuclear explosives,G21J,Nuclear explosives; Applications thereof,,,,,,,
H01J,Electric Discharge Tubes or Discharge Lamps,G21K,"Techniques for handling particles or
ionising radiation not otherwise provided for;
Irradiation devices; Gamma ray or x-ray
microscopes",,,,,,,
,,H01J,Electric discharge tubes or discharge lamps,,,,,,,
,,H01K,Electric incandescent lamps,,,,,,,
,,H05H,"Plasma technique; Production of accelerated
electrically- charged particles or of neutrons;
Production or acceleration of neutral molecular or
atomic beams",,,,,,,
H01L,Semiconductor and Solid State Devices,B82B,Nano-structures; manufacture or treatment thereof,,,,,,,
,,B82Y,Specific uses or applications of nanostructures; measurement or analysis of nanostructures; manufacture or treatment of nanostructure,,,,,,,
,,C09G,Polishing compositions other than french polish; ski waxes,,,,,,,
,,C23C,"Coating metallic material; coating material with metallic material; surface treatment of metallic material by diffusion into the surface, by chemical conversion or substitution; coating by vacuum evaporation, by sputtering, by ion implantation or by chemical vapour depositon, in general",,,,,,,
,,C23F,Non-mechanical removal of metallic material from surfaces…,,,,,,,
,,C30B,Single crystal growth; unidirectional solidification of eutectic material or unidirectional demixing if euctoid materia…,,,,,,,
,,F24S,Solar heat collectors,,,,,,,
,,G03F,Photomecanical production of textured or patterned surfaces,,,,,,,
,,G09F,Displaying; Advertising; Signs; Labels or name-plates; Seals,,,,,,,
,,G12B,"Details of instruments, or comparable details of other apparatus, not otherwise provided for ",,,,,,,
,,H01C,Resistors,,,,,,,
,,H01G,"Capacitors; capacitors, rectifiers, detectors, switching devices, light-sensitive or temperature-sensitive devices of the electrolytic type",,,,,,,
,,H01L,Semiconductors devices; electric solid state devices not otherwise provided for,,,,,,,
,,H02N,Electric machnes not otherwise provided for ,,,,,,,
,,H02S,"GENERATION OF ELECTRIC POWER BY CONVERSION OF INFRA-RED RADIATION, VISIBLE LIGHT OR ULTRAVIOLET LIGHT, E.G. USING PHOTOVOLTAIC [PV] MODULES",,,,,,,
,,H05B,Electric heating; electric lighting not otherwise provided for,,,,,,,
,,H05F,Static electricity; natarally-occuring electricity,,,,,,,
,,H05K,Printed circuits; casings or constructional details of electric apparatus; manufacture of assemblages of electrical components,,,,,,,
H01T,Spark Gaps,H01T,"Spark gaps; Overvoltage arresters using spark
gaps; Sparking plugs; Corona devices; Generating
ions to be introduced into non-enclosed gases ",,,,,,,
H02B,"Electric Boards, Cables, Switches and alike",H01H,Electric switches; Relays; Selectors; Emergency protective devices,,,,,,,
,,H01R,Electrically-conductive connections; Structural associations of a plurality of mutually-insulated electrical connecting elements; Coupling devices; Current collectors,,,,,,,
,,H02B,"Boards, substations, or switching arrangements for the supply or distribution of electric powe",,,,,,,
,,H02G,"Installation of electric cables or lines, or of combined optical and electric cables or lines ",,,,,,,
H02J,Distribution of Electric Power,B60M,"Power supply lines, or devices along rails, for electrically-propelled vehicles ",,,,,,,
,,G01R,Measuring electric variables; measuring magnetic variables,,,,,,,
,,G05F,Systems for regulating electric or magnetic,,,,,,,
,,H01M,"Processes or means, e.g. batteries, for the direct conversion of chemical energy into electrical energy ",,,,,,,
,,H02H,Emergency protective circuit arrangements,,,,,,,
,,H02J,Circuit arrangements or systems for supplying or distributing electric power; systems for storing electric energy,,,,,,,
,,H02M,"Apparatus for conversion between ac and ac, between ac and dc, or between dc and dc, anf for use with mains or similar power supply systems; conversion of dc or ac input power into surge output power; control or regulation thereof",,,,,,,
H02K,Dynamo-electric machines,F04D,Non-positive-displacement pumps,,,,,,,
,,H02K,Dynamo-electric machines,,,,,,,
,,H02P,"Control or regulation of electric motors, generators, or dynamo-electric converters; controlling transformers, reactors or choke coils",,,,,,,
H03L,"Generation, Stabilisation and Control of Electronic Oscillations or Pulses",H03B,"Generation of oscillations, directly or by frequency-changing, by circuits employing active elements which operate in a non-switching
manner; Generation of noise by such circuits",,,,,,,
,,H03K,Pulse technique ,,,,,,,
,,H03L,"Automatic control, starting, synchronisation, or stabilisation of generators of electronic oscillations
or pulses",,,,,,,
H04B,"Transimission, Modulation, Amplification of Signal",H01P,"Waveguides; Resonators, lines or other devices of
the waveguide type",,,,,,,
,,H01Q,"Antennas, i.e. radio aerials ",,,,,,,
,,H03C,Modulation ,,,,,,,
,,H03D,"Demodulation or transference of modulation from
one carrier to another ",,,,,,,
,,H03F,Amplifiers,,,,,,,
,,H03G,Control of amplification ,,,,,,,
,,H03H,"Impedance networks, e.g. resonant circuits; Resonators",,,,,,,
,,H03J,Tuning resonant circuits; Selecting resonant circuits,,,,,,,
,,H04B,Transmission,,,,,,,
H04L,Transimission of Digital Information,G09C,"Ciphering or deciphering apparatus for
cryptographic or other purposes involving the need
for secrecy",,,,,,,
,,H04J,Multiplex communication,,,,,,,
,,H04K,"Secret communication; Jamming of
communication",,,,,,,
,,H04L,"Transmission of digital information, e.g.
telegraphic communication",,,,,,,
,,H04M,Telephonic communication,,,,,,,
,,H04Q,Selecting.,,,,,,,
,,H04W,Wireless communication networks,,,,,,,
H04N,"Reproduction, Transmission and Storage of Image Data",G03B,"Apparatus or arrangements for taking photographs
or for projecting or viewing them; Apparatus or arrangements employing analogous techniques
using waves other than optical waves; Accessories
therefor",,,,,,,
,,G06T,"Image data processing or generation, in general ",,,,,,,
,,G11B,"Information storage based on relative movement
between record carrier and transducer ",,,,,,,
,,H04H,Broadcast communication,,,,,,,
,,H04N,"Pictorial communication, e.g. television",,,,,,,
H04R,"Reproduction, Transmission and Storage of Sound",B06B,"Generating or transmitting mechanical vibrations
in general.",,,,,,,
,,G10K,"Sound-producing devices; methods or devices for protecting against, or for damping, noise or other
acoustic waves in general; Acoustics not otherwise provided for",,,,,,,
,,H04R,"Loudspeakers, microphones, gramophone pick-ups
or like acoustic electromechanical transducers;
Deaf-aid sets; Public address systems",,,,,,,
,,H04S,Stereophonic systems ,,,,,,,